"key","English","Hindi","Urdu","Problem?","Better wording"
"appTitle","Masjid","मस्जिद","مسجد","",""
"loading","Loading…","लोड हो रहा है…","لوڈ ہو رہا ہے…","",""
"logout","Logout","लॉग आउट","لاگ آؤٹ","",""
"notAllowedTitle","Not allowed","अनुमति नहीं","اجازت نہیں","",""
"notAllowedMessage","You do not have permission to perform this action.","आपको यह काम करने की अनुमति नहीं है।","آپ کو یہ کام کرنے کی اجازت نہیں ہے۔","",""
"sessionExpired","Your session has expired. Please login again.","आपका सत्र खत्म हो गया। कृपया फिर से लॉग इन करें।","آپ کا سیشن ختم ہو گیا۔ براہ کرم دوبارہ لاگ ان کریں۔","",""
"noMasjidAssigned","You are not assigned to any masjid yet.","आप अभी किसी मस्जिद से जुड़े नहीं हैं।","آپ ابھی کسی مسجد سے منسلک نہیں ہیں۔","",""
"dashboardLoadFailed","Unable to load dashboard","होम पेज लोड नहीं हो सका","ہوم پیج لوڈ نہیں ہو سکا","",""
"next","Next","आगे","آگے","",""
"back","Back","पीछे","پیچھے","",""
"done","Done","हो गया","ہو گیا","",""
"cancel","Cancel","रद्द करें","منسوخ کریں","",""
"ok","OK","ठीक है","ٹھیک ہے","",""
"save","Save","सहेजें","محفوظ کریں","",""
"close","Close","बंद करें","بند کریں","",""
"search","Search","खोजें","تلاش کریں","",""
"today","Today","आज","آج","",""
"yesterday","Yesterday","कल","کل","",""
"pickDate","Pick date","तारीख चुनें","تاریخ چنیں","",""
"readAloud","Read aloud","सुनें","سنیں","",""
"stopReading","Stop","रोकें","روکیں","",""
"pleaseWait","Please wait…","कृपया रुकें…","براہ کرم انتظار کریں…","",""
"somethingWentWrong","Something went wrong","कुछ गड़बड़ हो गई","کچھ غلط ہو گیا","",""
"tryAgain","Try again","फिर कोशिश करें","دوبارہ کوشش کریں","",""
"nothingFound","Nothing found","कुछ नहीं मिला","کچھ نہیں ملا","",""
"searchPeople","Search by name or phone","नाम या फ़ोन से खोजें","نام یا فون سے تلاش کریں","",""
"amountHint","Enter amount","रकम डालें","رقم لکھیں","",""
"deleteDigit","Delete","मिटाएँ","مٹائیں","",""
"pressAndHold","Press and hold","दबाकर रखें","دبا کر رکھیں","",""
"holdTo","Hold to {action}","{action} के लिए दबाकर रखें","{action} کے لیے دبا کر رکھیں","",""
"stepOf","Step {current} of {total}","चरण {current} / {total}","مرحلہ {current} / {total}","",""
"chooseLanguage","Choose language","भाषा चुनें","زبان چنیں","",""
"largeText","Large text","बड़े अक्षर","بڑے حروف","",""
"aboutMasjidOptional","About the masjid (optional)","मस्जिद के बारे में (ज़रूरी नहीं)","مسجد کے بارے میں (اختیاری)","",""
"addMember","Add member","सदस्य जोड़ें","رکن شامل کریں","",""
"address","Address","पता","پتہ","",""
"age","Age","उम्र","عمر","",""
"appTagline","Namaz times, news, and accounts of your masjid","आपकी मस्जिद के नमाज़ के समय, खबरें और हिसाब","آپ کی مسجد کے نماز کے اوقات، خبریں اور حساب","",""
"changeCountry","Change country","देश बदलें","ملک بدلیں","",""
"changeNumber","Change number","नंबर बदलें","نمبر بدلیں","",""
"check","Check","देखें","دیکھیں","",""
"cityOrVillage","City or village","शहर या गाँव","شہر یا گاؤں","",""
"committeeHelp","The people who will run the masjid with the imam.","वे लोग जो इमाम के साथ मस्जिद चलाएँगे।","وہ لوگ جو امام کے ساتھ مسجد چلائیں گے۔","",""
"committeeMissing","Add at least one committee member.","कम से कम एक कमेटी सदस्य जोड़ें।","کم از کم ایک کمیٹی رکن شامل کریں۔","",""
"continueLabel","Continue","आगे बढ़ें","آگے بڑھیں","",""
"country","Country","देश","ملک","",""
"district","District","ज़िला","ضلع","",""
"duplicateCommitteePhone","Two committee members have the same phone number.","दो कमेटी सदस्यों का फ़ोन नंबर एक ही है।","دو کمیٹی ارکان کا فون نمبر ایک ہی ہے۔","",""
"edit","Edit","बदलें","بدلیں","",""
"emailOptional","Email (optional)","ईमेल (ज़रूरी नहीं)","ای میل (اختیاری)","",""
"enterCode","Enter the code","कोड डालें","کوڈ لکھیں","",""
"errorAccountInactive","This account is switched off. Please talk to your masjid committee.","यह खाता बंद है। कृपया अपनी मस्जिद कमेटी से बात करें।","یہ اکاؤنٹ بند ہے۔ براہ کرم اپنی مسجد کمیٹی سے بات کریں۔","",""
"errorCodeExpired","This code has expired. Get a new code.","इस कोड का समय खत्म हो गया। नया कोड लें।","اس کوڈ کا وقت ختم ہو گیا۔ نیا کوڈ لیں۔","",""
"errorNoInternet","No internet. Check your connection and try again.","इंटरनेट नहीं है। कनेक्शन देखें और फिर कोशिश करें।","انٹرنیٹ نہیں ہے۔ کنکشن دیکھیں اور دوبارہ کوشش کریں۔","",""
"errorTooManyTries","Too many tries. Please wait a minute and try again.","बहुत बार कोशिश हुई। एक मिनट रुककर फिर कोशिश करें।","بہت زیادہ کوششیں ہو گئیں۔ ایک منٹ رک کر دوبارہ کوشش کریں۔","",""
"errorWrongCode","Wrong code. Please try again.","कोड गलत है। फिर कोशिश करें।","کوڈ غلط ہے۔ دوبارہ کوشش کریں۔","",""
"errorWrongPassword","Wrong password. Please try again.","पासवर्ड गलत है। फिर कोशिश करें।","پاس ورڈ غلط ہے۔ دوبارہ کوشش کریں۔","",""
"fatherName","Father's name","पिता का नाम","والد کا نام","",""
"fieldRequired","Please fill this in.","कृपया यह भरें।","براہ کرم یہ بھریں۔","",""
"fullName","Name","नाम","نام","",""
"gender","Gender","लिंग","جنس","",""
"genderFemale","Woman","महिला","عورت","",""
"genderMale","Man","पुरुष","مرد","",""
"genderOther","Other","अन्य","دیگر","",""
"hidePassword","Hide password","पासवर्ड छिपाएँ","پاس ورڈ چھپائیں","",""
"home","Home","होम","ہوم","",""
"imamIsCommitteeMember","The imam cannot also be a committee member.","इमाम कमेटी सदस्य नहीं हो सकते।","امام کمیٹی کے رکن نہیں ہو سکتے۔","",""
"invalidAge","Age must be between 1 and 120.","उम्र 1 से 120 के बीच होनी चाहिए।","عمر 1 سے 120 کے درمیان ہونی چاہیے۔","",""
"invalidEmail","Check the email address.","ईमेल पता जाँचें।","ای میل پتہ دیکھیں۔","",""
"invalidPhone","Check the phone number.","फ़ोन नंबर जाँचें।","فون نمبر دیکھیں۔","",""
"login","Login","लॉग इन","لاگ ان","",""
"masjidName","Masjid name","मस्जिद का नाम","مسجد کا نام","",""
"masjidPhoneOptional","Masjid phone (optional)","मस्जिद का फ़ोन (ज़रूरी नहीं)","مسجد کا فون (اختیاری)","",""
"newCodeSent","A new code has been sent.","नया कोड भेज दिया गया है।","نیا کوڈ بھیج دیا گیا ہے۔","",""
"noRequestFound","No request found for this number.","इस नंबर से कोई अनुरोध नहीं मिला।","اس نمبر سے کوئی درخواست نہیں ملی۔","",""
"password","Password","पासवर्ड","پاس ورڈ","",""
"phoneAlreadyRegistered","Phone number already registered","फ़ोन नंबर पहले से दर्ज है","فون نمبر پہلے سے درج ہے","",""
"phoneInAnotherMasjid","This number already belongs to another masjid.","यह नंबर पहले से किसी दूसरी मस्जिद में है।","یہ نمبر پہلے سے کسی دوسری مسجد میں ہے۔","",""
"phoneNumber","Phone number","फ़ोन नंबर","فون نمبر","",""
"registerMasjid","Register masjid","मस्जिद जोड़ें","مسجد درج کریں","",""
"removeMember","Remove member","सदस्य हटाएँ","رکن ہٹائیں","",""
"requestSent","Request sent","अनुरोध भेज दिया गया","درخواست بھیج دی گئی","",""
"requestSentHelp","We will check the details. You can see the progress any time.","हम जानकारी जाँचेंगे। आप कभी भी प्रगति देख सकते हैं।","ہم تفصیلات دیکھیں گے۔ آپ کسی بھی وقت پیش رفت دیکھ سکتے ہیں۔","",""
"requesterHelp","Your details, so you can follow the request.","आपकी जानकारी, ताकि आप अनुरोध देख सकें।","آپ کی تفصیلات، تاکہ آپ درخواست دیکھ سکیں۔","",""
"reviewHelp","Check everything, then send.","सब कुछ जाँचें, फिर भेजें।","سب کچھ دیکھیں، پھر بھیجیں۔","",""
"searchCountry","Search country","देश खोजें","ملک تلاش کریں","",""
"sendNewCode","Send new code","नया कोड भेजें","نیا کوڈ بھیجیں","",""
"sendRequest","Send request","अनुरोध भेजें","درخواست بھیجیں","",""
"showPassword","Show password","पासवर्ड दिखाएँ","پاس ورڈ دکھائیں","",""
"state","State","राज्य","ریاست","",""
"stepApproved","Approved","मंज़ूर","منظور","",""
"stepChecking","Being checked","जाँच हो रही है","جانچ ہو رہی ہے","",""
"stepCommittee","Committee","कमेटी","کمیٹی","",""
"stepImam","Imam","इमाम","امام","",""
"stepMasjid","Masjid","मस्जिद","مسجد","",""
"stepPlace","Place","जगह","جگہ","",""
"stepRejected","Not approved","मंज़ूर नहीं","منظور نہیں","",""
"stepReview","Check and send","जाँचें और भेजें","دیکھیں اور بھیجیں","",""
"stepSent","Sent","भेजा गया","بھیج دی گئی","",""
"stepYou","About you","आपके बारे में","آپ کے بارے میں","",""
"trackHelp","Enter the phone number you used when registering.","रजिस्ट्रेशन के समय दिया गया फ़ोन नंबर डालें।","رجسٹریشن کے وقت دیا گیا فون نمبر لکھیں۔","",""
"trackRequest","Track request","अनुरोध देखें","درخواست دیکھیں","",""
"welcomeMessageOptional","Welcome message (optional)","स्वागत संदेश (ज़रूरी नहीं)","خوش آمدید پیغام (اختیاری)","",""
"yourName","Your name","आपका नाम","آپ کا نام","",""
"yourPassword","Your password","आपका पासवर्ड","آپ کا پاس ورڈ","",""
"yourPhoneNumber","Your phone number","आपका फ़ोन नंबर","آپ کا فون نمبر","",""
"codeSentTo","Sent to {phone}","{phone} पर भेजा गया","{phone} پر بھیجا گیا","",""
"memberNumber","Member {number}","सदस्य {number}","رکن {number}","",""
"membersCount","{count, plural, =1{1 member} other{{count} members}}","{count, plural, =1{1 सदस्य} other{{count} सदस्य}}","{count, plural, =1{1 رکن} other{{count} ارکان}}","",""
"account","Account","खाता","اکاؤنٹ","",""
"changePassword","Change password","पासवर्ड बदलें","پاس ورڈ بدلیں","",""
"changePasswordHelp","Your other phones and computers will be logged out.","आपके दूसरे फ़ोन और कंप्यूटर से लॉग आउट हो जाएगा।","آپ کے دوسرے فون اور کمپیوٹر سے لاگ آؤٹ ہو جائے گا۔","",""
"changeTimes","Change times","समय बदलें","اوقات بدلیں","",""
"currentPassword","Current password","अभी का पासवर्ड","موجودہ پاس ورڈ","",""
"errorSamePassword","The new password is the same as the old one.","नया पासवर्ड पुराने जैसा ही है।","نیا پاس ورڈ پرانے جیسا ہی ہے۔","",""
"errorWrongCurrentPassword","The current password is wrong.","अभी का पासवर्ड गलत है।","موجودہ پاس ورڈ غلط ہے۔","",""
"familyHead","Family head","घर के मुखिया","گھر کے سربراہ","",""
"latestNews","Latest news","ताज़ा खबर","تازہ خبر","",""
"leave","Leave","छोड़ें","چھوڑیں","",""
"leaveMasjid","Leave masjid","मस्जिद छोड़ें","مسجد چھوڑیں","",""
"leaveMasjidQuestion","Leave the masjid?","मस्जिद छोड़ना चाहते हैं?","مسجد چھوڑنا چاہتے ہیں؟","",""
"leavePointAccess","You will no longer see this masjid's times, news, and money.","आप इस मस्जिद के समय, खबरें और हिसाब नहीं देख पाएँगे।","آپ اس مسجد کے اوقات، خبریں اور حساب نہیں دیکھ سکیں گے۔","",""
"leavePointHistory","Your payment history stays with the masjid.","आपके भुगतान का रिकॉर्ड मस्जिद के पास रहेगा।","آپ کی ادائیگی کا ریکارڈ مسجد کے پاس رہے گا۔","",""
"leavePointJoin","Another masjid can add you after you leave.","छोड़ने के बाद कोई दूसरी मस्जिद आपको जोड़ सकती है।","چھوڑنے کے بعد کوئی دوسری مسجد آپ کو شامل کر سکتی ہے۔","",""
"logoutQuestion","Log out?","लॉग आउट करें?","لاگ آؤٹ کریں؟","",""
"masjidBalance","Masjid balance","मस्जिद का बैलेंस","مسجد کا بیلنس","",""
"memberSince","Member since","सदस्य कब से","رکن کب سے","",""
"moneyIn","Money in","पैसा आया","رقم آئی","",""
"moneyOut","Money out","पैसा गया","رقم گئی","",""
"namazTimesNotSet","Namaz times are not set yet.","नमाज़ के समय अभी तय नहीं हुए हैं।","نماز کے اوقات ابھی طے نہیں ہوئے۔","",""
"newPassword","New password","नया पासवर्ड","نیا پاس ورڈ","",""
"nextNamaz","Next namaz","अगली नमाज़","اگلی نماز","",""
"notVerified","Not verified","जाँचा नहीं गया","تصدیق نہیں ہوئی","",""
"passwordChanged","Password changed","पासवर्ड बदल गया","پاس ورڈ بدل گیا","",""
"passwordsDiffer","The two passwords are not the same.","दोनों पासवर्ड एक जैसे नहीं हैं।","دونوں پاس ورڈ ایک جیسے نہیں ہیں۔","",""
"prayerAsr","Asr","अस्र","عصر","",""
"prayerFajr","Fajr","फ़ज्र","فجر","",""
"prayerIsha","Isha","इशा","عشاء","",""
"prayerJumma","Jumma","जुमा","جمعہ","",""
"prayerMaghrib","Maghrib","मग़रिब","مغرب","",""
"prayerZuhr","Zuhr","ज़ुहर","ظہر","",""
"repeatNewPassword","New password again","नया पासवर्ड फिर से","نیا پاس ورڈ دوبارہ","",""
"roleCommittee","Committee","कमेटी","کمیٹی","",""
"roleImam","Imam","इमाम","امام","",""
"roleMember","Member","सदस्य","رکن","",""
"roleSuperAdmin","Super admin","सुपर एडमिन","سپر ایڈمن","",""
"salary","Salary","तनख़्वाह","تنخواہ","",""
"seeAll","See all","सब देखें","سب دیکھیں","",""
"setTimes","Set times","समय तय करें","اوقات طے کریں","",""
"statusActive","Active","चालू","فعال","",""
"statusInactive","Inactive","बंद","بند","",""
"statusPending","Pending","रुका हुआ","زیرِ التوا","",""
"superAdmin","Super admin","सुपर एडमिन","سپر ایڈمن","",""
"tabDashboard","Dashboard","डैशबोर्ड","ڈیش بورڈ","",""
"tabHome","Home","होम","ہوم","",""
"tabMasjids","Masjids","मस्जिदें","مساجد","",""
"tabMoney","Money","पैसा","رقم","",""
"tabMyPayments","My payments","मेरा भुगतान","میری ادائیگی","",""
"tabNews","News","खबरें","خبریں","",""
"tabPeople","People","लोग","لوگ","",""
"tabProfile","Profile","प्रोफ़ाइल","پروفائل","",""
"tabProjects","Projects","काम","کام","",""
"tabRequests","Requests","अनुरोध","درخواستیں","",""
"tabTimes","Times","समय","اوقات","",""
"tabUsers","Users","उपयोगकर्ता","صارفین","",""
"thisMonth","This month","इस महीने","اس مہینے","",""
"verified","Verified","जाँचा गया","تصدیق شدہ","",""
"youLeftTheMasjid","You left the masjid","आपने मस्जिद छोड़ दी","آپ نے مسجد چھوڑ دی","",""
"inHoursMinutes","in {hours} h {minutes} min","{hours} घंटे {minutes} मिनट में","{hours} گھنٹے {minutes} منٹ میں","",""
"inMinutes","in {minutes} min","{minutes} मिनट में","{minutes} منٹ میں","",""
"nextNamazSpoken","Next namaz: {prayer} at {time}, {countdown}","अगली नमाज़: {prayer}, {time} बजे, {countdown}","اگلی نماز: {prayer}، {time} بجے، {countdown}","",""
"passwordTooShort","Use at least {count} letters or numbers.","कम से कम {count} अक्षर या अंक रखें।","کم از کم {count} حروف یا ہندسے رکھیں۔","",""
"youLeft","You left {masjid}","आपने {masjid} छोड़ दी","آپ نے {masjid} چھوڑ دی","",""
"addFirstNews","Add the first news","पहली खबर जोड़ें","پہلی خبر شامل کریں","",""
"addNews","Add news","खबर जोड़ें","خبر شامل کریں","",""
"changed","Changed","बदला गया","بدلا گیا","",""
"delete","Delete","हटाएँ","حذف کریں","",""
"deleteNewsPoint","Nobody will see this news any more.","यह खबर अब किसी को नहीं दिखेगी।","یہ خبر اب کسی کو نظر نہیں آئے گی۔","",""
"deleteNewsQuestion","Delete this news?","यह खबर हटाएँ?","یہ خبر حذف کریں؟","",""
"dictationTip","Tip: tap the microphone on your keyboard to speak instead of typing.","सुझाव: लिखने की जगह बोलने के लिए कीबोर्ड पर माइक दबाएँ।","مشورہ: لکھنے کے بجائے بولنے کے لیے کی بورڈ پر مائیک دبائیں۔","",""
"editNews","Edit news","खबर बदलें","خبر بدلیں","",""
"friday","Friday","जुमे का दिन","جمعہ کا دن","",""
"leaveWithoutSaving","Leave without saving?","बिना सहेजे जाएँ?","محفوظ کیے بغیر جائیں؟","",""
"leaveWithoutSavingConfirm","Leave","जाएँ","جائیں","",""
"minusFiveMinutes","5 minutes earlier","5 मिनट पहले","5 منٹ پہلے","",""
"newLabel","New","नई","نئی","",""
"newsDeleted","News deleted","खबर हटा दी गई","خبر حذف ہو گئی","",""
"newsLoadFailed","Unable to load news","खबरें लोड नहीं हो सकीं","خبریں لوڈ نہیں ہو سکیں","",""
"newsMessage","Message","संदेश","پیغام","",""
"newsPublished","News published","खबर लग गई","خبر لگ گئی","",""
"newsTitle","Title","शीर्षक","عنوان","",""
"noNewsYet","No news yet","अभी कोई खबर नहीं","ابھی کوئی خبر نہیں","",""
"noteOptional","Note (optional)","नोट (ज़रूरी नहीं)","نوٹ (اختیاری)","",""
"plusFiveMinutes","5 minutes later","5 मिनट बाद","5 منٹ بعد","",""
"readMore","Read more","और पढ़ें","مزید پڑھیں","",""
"saved","Saved","सहेज लिया","محفوظ ہو گیا","",""
"setTime","Set time","समय चुनें","وقت چنیں","",""
"showLess","Show less","कम दिखाएँ","کم دکھائیں","",""
"timesSaved","Times saved","समय सहेज लिए","اوقات محفوظ ہو گئے","",""
"addGiver","Add giver","देने वाला जोड़ें","دینے والا شامل کریں","",""
"addNote","Add a note","नोट जोड़ें","نوٹ شامل کریں","",""
"all","All","सब","سب","",""
"cancelEntry","Cancel entry","एंट्री रद्द करें","اندراج منسوخ کریں","",""
"cancelEntryPoint","The amount is taken out of the masjid's totals. The entry stays in the list, marked cancelled.","यह रकम मस्जिद के हिसाब से निकल जाएगी। एंट्री सूची में रद्द के निशान के साथ रहेगी।","یہ رقم مسجد کے حساب سے نکل جائے گی۔ اندراج فہرست میں منسوخ کے نشان کے ساتھ رہے گا۔","",""
"cancelEntryQuestion","Cancel this entry?","यह एंट्री रद्द करें?","یہ اندراج منسوخ کریں؟","",""
"cancelled","Cancelled","रद्द","منسوخ","",""
"catCleaning","Cleaning","सफ़ाई","صفائی","",""
"catConstruction","Construction","निर्माण","تعمیر","",""
"catConstructionFund","Building fund","निर्माण फंड","تعمیراتی فنڈ","",""
"catDonationBox","Donation box","दान पेटी","چندہ بکس","",""
"catElectricity","Electricity","बिजली","بجلی","",""
"catImamSalary","Imam salary","इमाम की तनख़्वाह","امام کی تنخواہ","",""
"catJumma","Jumma","जुमा","جمعہ","",""
"catOther","Other","अन्य","دیگر","",""
"catRamadanFund","Ramadan fund","रमज़ान फंड","رمضان فنڈ","",""
"catRepair","Repair","मरम्मत","مرمت","",""
"catSadaqah","Sadaqah","सदक़ा","صدقہ","",""
"catWater","Water","पानी","پانی","",""
"catZakat","Zakat","ज़कात","زکوٰۃ","",""
"givers","Givers","देने वाले","دینے والے","",""
"howMuch","How much?","कितना?","کتنا؟","",""
"moneyInSaved","Money in saved","आया पैसा सहेज लिया","آئی رقم محفوظ ہو گئی","",""
"moneyLoadFailed","Unable to load the money totals.","पैसे का हिसाब लोड नहीं हो सका।","رقم کا حساب لوڈ نہیں ہو سکا۔","",""
"moneyOutSaved","Money out saved","गया पैसा सहेज लिया","گئی رقم محفوظ ہو گئی","",""
"noGiversYet","No givers yet","अभी कोई देने वाला नहीं","ابھی کوئی دینے والا نہیں","",""
"noMoneyInYet","No money in yet","अभी कोई पैसा नहीं आया","ابھی کوئی رقم نہیں آئی","",""
"noMoneyOutYet","No money out yet","अभी कोई पैसा नहीं गया","ابھی کوئی رقم نہیں گئی","",""
"nothingMatches","Nothing matches","कुछ नहीं मिला","کچھ نہیں ملا","",""
"payCash","Cash","नकद","نقد","",""
"payOnline","Online","ऑनलाइन","آن لائن","",""
"phoneOptional","Phone (optional)","फ़ोन (ज़रूरी नहीं)","فون (اختیاری)","",""
"pickAnother","Pick someone else","कोई और चुनें","کوئی اور چنیں","",""
"pickMember","Pick a member","सदस्य चुनें","رکن چنیں","",""
"someoneElse","Not a member","सदस्य नहीं हैं","رکن نہیں ہیں","",""
"whatFor","What for?","किसके लिए?","کس لیے؟","",""
"whatKind","What kind?","किस तरह का?","کس قسم کا؟","",""
"whoGave","Who gave?","किसने दिया?","کس نے دیا؟","",""
"aboutProjectOptional","About the project (optional)","काम के बारे में (ज़रूरी नहीं)","کام کے بارے میں (اختیاری)","",""
"addFirstProject","Add the first project","पहला काम जोड़ें","پہلا کام شامل کریں","",""
"addProject","Add project","काम जोड़ें","کام شامل کریں","",""
"amountPerFamilyHelp","How much each family pays this month.","इस महीने हर परिवार कितना देगा।","اس مہینے ہر خاندان کتنا دے گا۔","",""
"cancelProject","Cancel project","काम रद्द करें","کام منسوخ کریں","",""
"cancelProjectPoint","The project stops. Money already given stays recorded.","काम रुक जाएगा। दिया गया पैसा दर्ज रहेगा।","کام رک جائے گا۔ دی گئی رقم درج رہے گی۔","",""
"cancelProjectQuestion","Cancel this project?","यह काम रद्द करें?","یہ کام منسوخ کریں؟","",""
"collected","Collected","जमा हुआ","جمع ہوا","",""
"datesAndStatus","Dates and status","तारीख़ें और हालत","تاریخیں اور حالت","",""
"due","Due","बाकी","باقی","",""
"editProject","Edit project","काम बदलें","کام بدلیں","",""
"endDate","End","अंत","اختتام","",""
"endDateOptional","End date (optional)","खत्म होने की तारीख़ (ज़रूरी नहीं)","ختم ہونے کی تاریخ (اختیاری)","",""
"families","Families","परिवार","خاندان","",""
"moneyNeeded","Money needed","कितना पैसा चाहिए","کتنی رقم چاہیے","",""
"moneyNeededHelp","The total the project needs. Leave it empty if not known.","काम के लिए कुल रकम। पता न हो तो खाली छोड़ें।","کام کے لیے کل رقم۔ معلوم نہ ہو تو خالی چھوڑیں۔","",""
"mySalary","My salary payments","मेरा तनख़्वाह भुगतान","میری تنخواہ ادائیگی","",""
"noFamiliesYet","No families yet","अभी कोई परिवार नहीं","ابھی کوئی خاندان نہیں","",""
"noPaymentsYet","No payments yet","अभी कोई भुगतान नहीं","ابھی کوئی ادائیگی نہیں","",""
"noProjectsYet","No projects yet","अभी कोई काम नहीं","ابھی کوئی کام نہیں","",""
"noSalaryHistory","No salary payments yet","अभी कोई तनख़्वाह भुगतान नहीं","ابھی کوئی تنخواہ ادائیگی نہیں","",""
"payments","Payments","भुगतान","ادائیگیاں","",""
"projectAdded","Project added","काम जुड़ गया","کام شامل ہو گیا","",""
"projectCancelled","Cancelled","रद्द","منسوخ","",""
"projectCancelledDone","Project cancelled","काम रद्द हो गया","کام منسوخ ہو گیا","",""
"projectCompleted","Completed","पूरा","مکمل","",""
"projectName","Project name","काम का नाम","کام کا نام","",""
"projectOngoing","Ongoing","चल रहा है","جاری","",""
"projectPlanned","Planned","योजना में","منصوبے میں","",""
"raiseAmount","Raise amount","रकम बढ़ाएँ","رقم بڑھائیں","",""
"salaryMonthStarted","Salary month started","तनख़्वाह का महीना शुरू हुआ","تنخواہ کا مہینہ شروع ہوا","",""
"salaryNotPaid","Not paid","नहीं दिया","نہیں دیا","",""
"salaryNotStarted","This month's salary is not started","इस महीने की तनख़्वाह शुरू नहीं हुई","اس مہینے کی تنخواہ شروع نہیں ہوئی","",""
"salaryPaid","Paid","दे दिया","دے دیا","",""
"salaryPartlyPaid","Part paid","कुछ दिया","کچھ دیا","",""
"salaryPaymentSaved","Payment saved","भुगतान सहेज लिया","ادائیگی محفوظ ہو گئی","",""
"searchProjects","Search projects","काम खोजें","کام تلاش کریں","",""
"startDate","Start","शुरू","شروع","",""
"startDateOptional","Start date (optional)","शुरू की तारीख़ (ज़रूरी नहीं)","شروع کی تاریخ (اختیاری)","",""
"startSalaryMonth","Start month","महीना शुरू करें","مہینہ شروع کریں","",""
"status","Status","हालत","حالت","",""
"amountCanOnlyGoUp","The amount can only go up (now {amount}).","रकम सिर्फ़ बढ़ सकती है (अभी {amount})।","رقم صرف بڑھ سکتی ہے (ابھی {amount})۔","",""
"collectedOf","{collected} of {target}","{target} में से {collected}","{target} میں سے {collected}","",""
"collectedSoFar","{amount} collected","{amount} जमा हुए","{amount} جمع ہوئے","",""
"notPaidCount","{count} not paid","{count} ने नहीं दिया","{count} نے نہیں دیا","",""
"outOf","of {amount}","{amount} में से","{amount} میں سے","",""
"paidCount","{count} paid","{count} ने दिया","{count} نے دیا","",""
"paidOutOf","Paid {paid} of {expected}","{expected} में से {paid} दिया","{expected} میں سے {paid} دیا","",""
"partlyPaidCount","{count} part paid","{count} ने कुछ दिया","{count} نے کچھ دیا","",""
"payMoreThanDue","This is more than what is due ({amount}).","यह बाकी रकम ({amount}) से ज़्यादा है।","یہ باقی رقم ({amount}) سے زیادہ ہے۔","",""
"perFamily","{amount} per family","हर परिवार {amount}","ہر خاندان {amount}","",""
"salarySpoken","Imam salary: {collected} collected of {expected}. {due} still to pay.","इमाम की तनख़्वाह: {expected} में से {collected} जमा हुए। {due} बाकी है।","امام کی تنخواہ: {expected} میں سے {collected} جمع ہوئے۔ {due} باقی ہے۔","",""
"spent","{amount} spent","{amount} खर्च हुए","{amount} خرچ ہوئے","",""
"stillNeeded","{amount} still needed","{amount} और चाहिए","{amount} اور چاہیے","",""
"stillToPay","{amount} still to pay","{amount} बाकी है","{amount} باقی ہے","",""
"activate","Turn on again","फिर से चालू करें","دوبارہ چالو کریں","",""
"activateQuestion","Let this person use the app again?","इस व्यक्ति को फिर से ऐप चलाने दें?","اس شخص کو دوبارہ ایپ چلانے دیں؟","",""
"addPerson","Add person","व्यक्ति जोड़ें","شخص شامل کریں","",""
"copy","Copy","कॉपी करें","کاپی کریں","",""
"deactivate","Turn off","बंद करें","بند کریں","",""
"deactivatePointHistory","Their payments and history stay saved.","उनके पैसे और पुराना हिसाब सुरक्षित रहेगा।","ان کی ادائیگیاں اور پرانا حساب محفوظ رہے گا۔","",""
"deactivatePointLogin","They cannot log in to the app.","वे ऐप में लॉग इन नहीं कर पाएंगे।","وہ ایپ میں لاگ اِن نہیں کر سکیں گے۔","",""
"deactivateQuestion","Turn off this person?","इस व्यक्ति को बंद करें?","اس شخص کو بند کریں؟","",""
"details","Details","जानकारी","تفصیل","",""
"donations","Donations","दान","عطیات","",""
"editPerson","Edit person","व्यक्ति बदलें","شخص میں تبدیلی","",""
"family","Family","परिवार","خاندان","",""
"familyHeadHelp","The family head pays the imam salary for the family.","परिवार का मुखिया परिवार की ओर से इमाम की तनख्वाह देता है।","خاندان کا سربراہ خاندان کی طرف سے امام کی تنخواہ دیتا ہے۔","",""
"familyMembersCount","{count, plural, =1{1 family member} other{{count} family members}}","{count, plural, =1{परिवार में 1 सदस्य} other{परिवार में {count} सदस्य}}","{count, plural, =1{خاندان میں 1 فرد} other{خاندان میں {count} افراد}}","",""
"familyMembersOptional","Family members (optional)","परिवार के सदस्य (ज़रूरी नहीं)","خاندان کے افراد (ضروری نہیں)","",""
"masjidId","Masjid ID","मस्जिद आईडी","مسجد آئی ڈی","",""
"myPaymentsLoadFailed","Could not load your payments.","आपके पैसे का हिसाब नहीं खुल सका।","آپ کا حساب نہیں کھل سکا۔","",""
"noFamilyForRole","Only members have a family here.","यहाँ सिर्फ़ सदस्यों का परिवार होता है।","یہاں صرف ممبروں کا خاندان ہوتا ہے۔","",""
"noGiftsYet","Nothing given yet","अभी तक कुछ नहीं दिया","ابھی تک کچھ نہیں دیا","",""
"noPeopleYet","No people yet","अभी कोई व्यक्ति नहीं","ابھی کوئی شخص نہیں","",""
"peopleCount","{count, plural, =1{1 person} other{{count} people}}","{count, plural, =1{1 व्यक्ति} other{{count} लोग}}","{count, plural, =1{1 شخص} other{{count} لوگ}}","",""
"peopleMembers","Members","सदस्य","ممبر","",""
"personAdded","Person added","व्यक्ति जुड़ गया","شخص شامل ہو گیا","",""
"personCanLoginWithCode","They can log in with their phone number and a code.","वे अपने फ़ोन नंबर और कोड से लॉग इन कर सकते हैं।","وہ اپنے فون نمبر اور کوڈ سے لاگ اِن کر سکتے ہیں۔","",""
"role","Role","भूमिका","کردار","",""
"roleAndFamily","Role and family","भूमिका और परिवार","کردار اور خاندان","",""
"salaryStillDue","{amount} salary still to pay","{amount} तनख्वाह अभी देनी बाकी है","{amount} تنخواہ ابھی دینی باقی ہے","",""
"temporaryPasswordHelp","Give this password to the person. They can change it later.","यह पासवर्ड उस व्यक्ति को दें। वे बाद में इसे बदल सकते हैं।","یہ پاس ورڈ اس شخص کو دیں۔ وہ بعد میں اسے بدل سکتے ہیں۔","",""
"whoIsIt","Who is it?","यह कौन है?","یہ کون ہے؟","",""
"youGaveInTotal","You gave in total","आपने कुल दिया","آپ نے کل دیا","",""
"aboutMasjid","About the masjid","मस्जिद के बारे में","مسجد کے بارے میں","",""
"allRoles","All roles","सभी भूमिकाएँ","سب کردار","",""
"approve","Approve","मंज़ूर करें","منظور کریں","",""
"approveHelp","This adds the masjid, its imam, and its committee.","इससे मस्जिद, उसके इमाम और कमेटी जुड़ जाएंगे।","اس سے مسجد، اس کے امام اور کمیٹی شامل ہو جائیں گے۔","",""
"approveQuestion","Approve this masjid?","यह मस्जिद मंज़ूर करें?","یہ مسجد منظور کریں؟","",""
"cannotApprove","Cannot approve","मंज़ूर नहीं हो सकता","منظور نہیں ہو سکتا","",""
"changeRoles","Change roles","भूमिका बदलें","کردار بدلیں","",""
"changeStatus","Change status","स्थिति बदलें","حالت بدلیں","",""
"email","Email","ईमेल","ای میل","",""
"goBack","Go back","वापस जाएं","واپس جائیں","",""
"goHome","Go home","होम पर जाएं","ہوم پر جائیں","",""
"joinedOn","Joined on","जुड़ने की तारीख़","شامل ہونے کی تاریخ","",""
"masjid","Masjid","मस्जिद","مسجد","",""
"noMasjids","No masjids","कोई मस्जिद नहीं","کوئی مسجد نہیں","",""
"noRequests","No requests","कोई अर्ज़ी नहीं","کوئی درخواست نہیں","",""
"noRequestsWaiting","No requests waiting","कोई अर्ज़ी बाकी नहीं","کوئی درخواست باقی نہیں","",""
"noUsers","No users","कोई व्यक्ति नहीं","کوئی شخص نہیں","",""
"pageNotFound","Page not found","पेज नहीं मिला","صفحہ نہیں ملا","",""
"pageNotFoundHelp","This link is old or wrong.","यह लिंक पुराना या गलत है।","یہ لنک پرانا یا غلط ہے۔","",""
"person","Person","व्यक्ति","شخص","",""
"phone","Phone","फ़ोन","فون","",""
"pickToSeeDetails","Pick one from the list to see it here.","यहाँ देखने के लिए सूची में से एक चुनें।","یہاں دیکھنے کے لیے فہرست میں سے ایک چنیں۔","",""
"reason","Reason","कारण","وجہ","",""
"reasonOptional","Reason (optional)","कारण (ज़रूरी नहीं)","وجہ (ضروری نہیں)","",""
"reject","Reject","नामंज़ूर करें","نامنظور کریں","",""
"rejectQuestion","Reject this request?","यह अर्ज़ी नामंज़ूर करें?","یہ درخواست نامنظور کریں؟","",""
"request","Request","अर्ज़ी","درخواست","",""
"requestApproved","Request approved","अर्ज़ी मंज़ूर हुई","درخواست منظور ہو گئی","",""
"requestRejected","Request rejected","अर्ज़ी नामंज़ूर हुई","درخواست نامنظور ہو گئی","",""
"requester","Who asked","किसने भेजी","کس نے بھیجی","",""
"requestsWaiting","{count, plural, =1{1 request waiting} other{{count} requests waiting}}","{count, plural, =1{1 अर्ज़ी बाकी} other{{count} अर्ज़ियाँ बाकी}}","{count, plural, =1{1 درخواست باقی} other{{count} درخواستیں باقی}}","",""
"rolesChanged","Roles changed","भूमिका बदल गई","کردار بدل گیا","",""
"searchMasjids","Search masjid or place","मस्जिद या जगह खोजें","مسجد یا جگہ تلاش کریں","",""
"searchRequests","Search masjid, place, or phone","मस्जिद, जगह या फ़ोन खोजें","مسجد، جگہ یا فون تلاش کریں","",""
"searchUsers","Search name, phone, or email","नाम, फ़ोन या ईमेल खोजें","نام، فون یا ای میل تلاش کریں","",""
"sentOn","Sent on","भेजने की तारीख़","بھیجنے کی تاریخ","",""
"statusChanged","Status changed","स्थिति बदल गई","حالت بدل گئی","",""
"statusSuspended","Suspended","रोका गया","روکا گیا","",""
"welcomeMessage","Welcome message","स्वागत संदेश","خوش آمدید پیغام","",""
"errorAlreadyExists","This is already saved.","यह पहले से सेव है।","یہ پہلے سے محفوظ ہے۔","",""
"errorAlreadyInMasjid","This person is already in this masjid.","यह व्यक्ति पहले से इस मस्जिद में है।","یہ شخص پہلے سے اس مسجد میں ہے۔","",""
"errorCheckInput","Something you typed is not right. Please check and try again.","आपने जो लिखा उसमें कुछ गलत है। जाँच कर फिर से कोशिश करें।","آپ نے جو لکھا اس میں کچھ غلط ہے۔ دیکھ کر دوبارہ کوشش کریں۔","",""
"errorEmailTaken","This email is already used by someone else.","यह ईमेल पहले से किसी और का है।","یہ ای میل پہلے سے کسی اور کا ہے۔","",""
"errorInAnotherMasjid","This phone number is already in another masjid. They must leave that masjid first.","यह फ़ोन नंबर पहले से दूसरी मस्जिद में है। उन्हें पहले वह मस्जिद छोड़नी होगी।","یہ فون نمبر پہلے سے دوسری مسجد میں ہے۔ انہیں پہلے وہ مسجد چھوڑنی ہوگی۔","",""
"errorLoginAgain","Please log in again.","कृपया फिर से लॉग इन करें।","براہ کرم دوبارہ لاگ اِن کریں۔","",""
"errorMasjidNotApproved","This masjid is not approved yet.","यह मस्जिद अभी मंज़ूर नहीं हुई है।","یہ مسجد ابھی منظور نہیں ہوئی۔","",""
"errorNotFound","This was not found. It may have been removed.","यह नहीं मिला। शायद हटा दिया गया है।","یہ نہیں ملا۔ شاید ہٹا دیا گیا ہے۔","",""
"errorPhoneOtherPerson","This phone number belongs to someone with other details.","यह फ़ोन नंबर किसी और जानकारी वाले व्यक्ति का है।","یہ فون نمبر کسی اور تفصیل والے شخص کا ہے۔","",""
"errorRequestDecided","This request was already approved or rejected.","इस अर्ज़ी पर पहले ही फ़ैसला हो चुका है।","اس درخواست پر پہلے ہی فیصلہ ہو چکا ہے۔","",""
"errorSalaryMonthStarted","Salary for this month has already started.","इस महीने की तनख्वाह पहले ही शुरू हो चुकी है।","اس مہینے کی تنخواہ پہلے ہی شروع ہو چکی ہے۔","",""
